sessionId,participantId,trialId,layoutId,trialType,learningKind,target,typed,startTimeMs,endTimeMs,elapsedMs,backspaceCount,keypressCount
session_P001,P001,1,very_good,practice,,the quick brown fox,the quick brown fxy,1700000000000,1700000007703,7703,4,24
session_P001,P001,2,very_good,main,,human computer interaction,hxman compuxer interaction,1700000008103,1700000017733,9630,3,30
session_P001,P001,3,very_good,main,,a simple keyboard prototype,a xxmple keyboard prototype,1700000018133,1700000027863,9730,3,31
session_P001,P001,4,very_good,main,,typing on a screen keyboard,typixg on a screen keyboard,1700000028263,1700000037792,9529,2,30
session_P001,P001,5,very_good,main,,we measure speed and errors,we mexsure speed and errxrs,1700000038192,1700000047583,9391,3,31
session_P001,P001,6,very_good,main,,practice makes perfect,prxctice makes perfect,1700000047983,1700000055042,7059,2,25
session_P001,P001,7,qwerty,practice,,the quick brown fox,the quick browx foy,1700000055442,1700000063556,8114,4,24
session_P001,P001,8,qwerty,main,,human computer interaction,human computer interactiox,1700000063956,1700000073924,9968,2,29
session_P001,P001,9,qwerty,main,,a simple keyboard prototype,a ximple kxyboard prototype,1700000074324,1700000084610,10286,3,31
session_P001,P001,10,qwerty,main,,typing on a screen keyboard,typing on a screen xeyboard,1700000085010,1700000094740,9730,2,30
session_P001,P001,11,qwerty,main,,we measure speed and errors,we measure speed and erroxs,1700000095140,1700000104477,9337,2,30
session_P001,P001,12,qwerty,main,,practice makes perfect,pxactixe makes perfect,1700000104877,1700000112110,7233,3,26
session_P001,P001,13,sp_reverse_b,practice,,the quick brown fox,xhx qxick bxown fxx,1700000112510,1700000122423,9913,7,27
session_P001,P001,14,sp_reverse_b,main,,human computer interaction,human comxxxer interactxon,1700000122823,1700000134210,11387,5,32
session_P001,P001,15,sp_reverse_b,main,,a simple keyboard prototype,x simplx keyxoard pxototypx,1700000134610,1700000145593,10983,6,34
session_P001,P001,16,sp_reverse_b,main,,typing on a screen keyboard,typxng xn a xcrexn keyboaxd,1700000145993,1700000157361,11368,6,34
session_P001,P001,17,sp_reverse_b,main,,we measure speed and errors,we mxasurx speex and exrors,1700000157761,1700000168213,10452,5,33
session_P001,P001,18,sp_reverse_b,main,,practice makes perfect,praxtice makxx xerfect,1700000168613,1700000176786,8173,5,28
session_P001,P001,19,sp_identity,practice,,the quick brown fox,the xuick brxwn xxx,1700000177186,1700000186162,8976,6,26
session_P001,P001,20,sp_identity,main,,human computer interaction,hxman computer inxeracxion,1700000186562,1700000198118,11556,4,31
session_P001,P001,21,sp_identity,main,,a simple keyboard prototype,a sxmplx keyboard protoxypx,1700000198518,1700000209690,11172,5,33
session_P001,P001,22,sp_identity,main,,typing on a screen keyboard,txping ox a screen kxyboxrd,1700000210090,1700000221224,11134,5,33
session_P001,P001,23,sp_identity,main,,we measure speed and errors,we measure xxeed anx errorx,1700000221624,1700000232424,10800,5,33
session_P001,P001,24,sp_identity,main,,practice makes perfect,prxctice maxes perxect,1700000232824,1700000241368,8544,4,27
session_P001,P001,25,pretty_good,practice,,the quick brown fox,the quick brxxn xoy,1700000241768,1700000250640,8872,6,26
session_P001,P001,26,pretty_good,main,,human computer interaction,xuman computer xnteractixn,1700000251040,1700000261040,10000,4,31
session_P001,P001,27,pretty_good,main,,a simple keyboard prototype,a simplx keyboard prxtoxype,1700000261440,1700000271892,10452,4,32
session_P001,P001,28,pretty_good,main,,typing on a screen keyboard,typing ox x screen xeyboard,1700000272292,1700000282140,9848,4,32
session_P001,P001,29,pretty_good,main,,we measure speed and errors,we measuxe xpexd and errors,1700000282540,1700000292183,9643,4,32
session_P001,P001,30,pretty_good,main,,practice makes perfect,practixe makes xexfect,1700000292583,1700000300126,7543,4,27
session_P002,P002,1,qwerty,practice,,the quick brown fox,thx quxck brown fxx,1700001000000,1700001008085,8085,4,24
session_P002,P002,2,qwerty,main,,human computer interaction,human computer interactxox,1700001008485,1700001018421,9936,2,29
session_P002,P002,3,qwerty,main,,a simple keyboard prototype,a simple xeyboard prototype,1700001018821,1700001029139,10318,1,29
session_P002,P002,4,qwerty,main,,typing on a screen keyboard,typing on a screen keyxoard,1700001029539,1700001039387,9848,1,29
session_P002,P002,5,qwerty,main,,we measure speed and errors,xe measure spxed and errors,1700001039787,1700001049605,9818,2,30
session_P002,P002,6,qwerty,main,,practice makes perfect,practixe makes perfect,1700001050005,1700001057702,7697,1,24
session_P002,P002,7,very_good,practice,,the quick brown fox,txe quxck brown fox,1700001058102,1700001065117,7015,3,23
session_P002,P002,8,very_good,main,,human computer interaction,human cxmputer interaction,1700001065517,1700001074184,8667,1,28
session_P002,P002,9,very_good,main,,a simple keyboard prototype,a simple keyboard pxxtotype,1700001074584,1700001083436,8852,2,30
session_P002,P002,10,very_good,main,,typing on a screen keyboard,typing on a screen keyboaxd,1700001083836,1700001092811,8975,1,29
session_P002,P002,11,very_good,main,,we measure speed and errors,we xxasure speed and errors,1700001093211,1700001101921,8710,2,30
session_P002,P002,12,very_good,main,,practice makes perfect,practixe makes pexfect,1700001102321,1700001109108,6787,2,25
session_P002,P002,13,pretty_good,practice,,the quick brown fox,txe quick brxwx fox,1700001109508,1700001117425,7917,4,24
session_P002,P002,14,pretty_good,main,,human computer interaction,human compxtex intxraction,1700001117825,1700001127698,9873,3,30
session_P002,P002,15,pretty_good,main,,a simple keyboard prototype,a xxmple keyboxrd prototype,1700001128098,1700001138098,10000,3,31
session_P002,P002,16,pretty_good,main,,typing on a screen keyboard,typixg xn a screen kexboard,1700001138498,1700001148056,9558,3,31
session_P002,P002,17,pretty_good,main,,we measure speed and errors,we meaxurx xpeed and errors,1700001148456,1700001157713,9257,3,31
session_P002,P002,18,pretty_good,main,,practice makes perfect,prxxtice makes xerfect,1700001158113,1700001165386,7273,3,26
session_P002,P002,19,sp_identity,practice,,the quick brown fox,xxe quixk browx fox,1700001165786,1700001174727,8941,5,25
session_P002,P002,20,sp_identity,main,,human computer interaction,humxn computer ixteractiox,1700001175127,1700001186074,10947,3,30
session_P002,P002,21,sp_identity,main,,a simple keyboard prototype,a simxle kexboard proxotype,1700001186474,1700001196959,10485,3,31
session_P002,P002,22,sp_identity,main,,typing on a screen keyboard,tyxxng on a sxreen keyxoard,1700001197359,1700001207328,9969,4,32
session_P002,P002,23,sp_identity,main,,we measure speed and errors,we measuxe sxeed and errxrs,1700001207728,1700001217636,9908,3,31
session_P002,P002,24,sp_identity,main,,practice makes perfect,praxtxcx makes perfect,1700001218036,1700001225733,7697,3,26
session_P002,P002,25,sp_reverse_b,practice,,the quick brown fox,txx quxck broxx foy,1700001226133,1700001235794,9661,7,27
session_P002,P002,26,sp_reverse_b,main,,human computer interaction,human computer ixteractxxx,1700001236194,1700001247417,11223,4,31
session_P002,P002,27,sp_reverse_b,main,,a simple keyboard prototype,a simple kxyboxrx prototxpx,1700001247817,1700001259952,12135,5,33
session_P002,P002,28,sp_reverse_b,main,,typing on a screen keyboard,tyxixg on a screxn keybxxrd,1700001260352,1700001271801,11449,5,33
session_P002,P002,29,sp_reverse_b,main,,we measure speed and errors,xx measure spxed axd exrors,1700001272201,1700001282929,10728,5,33
session_P002,P002,30,sp_reverse_b,main,,practice makes perfect,pracxxce makex xerfect,1700001283329,1700001291985,8656,4,27
session_P003,P003,1,pretty_good,practice,,the quick brown fox,the quxck brxwn xox,1700002000000,1700002008172,8172,5,25
session_P003,P003,2,pretty_good,main,,human computer interaction,humax coxputer interaction,1700002008572,1700002019077,10505,3,30
session_P003,P003,3,pretty_good,main,,a simple keyboard prototype,a simple keyboxxd prototype,1700002019477,1700002029698,10221,3,31
session_P003,P003,4,pretty_good,main,,typing on a screen keyboard,tyxing on a screen kxyboard,1700002030098,1700002039741,9643,3,31
session_P003,P003,5,pretty_good,main,,we measure speed and errors,we measure xpeed and exrors,1700002040141,1700002049727,9586,3,31
session_P003,P003,6,pretty_good,main,,practice makes perfect,xracxice makes perfxct,1700002050127,1700002057938,7811,4,27
session_P003,P003,7,sp_reverse_b,practice,,the quick brown fox,xhe quixk xrown fxy,1700002058338,1700002067838,9500,7,27
session_P003,P003,8,sp_reverse_b,main,,human computer interaction,human compuxex interaxxion,1700002068238,1700002079837,11599,5,32
session_P003,P003,9,sp_reverse_b,main,,a simple keyboard prototype,a sxmple keyxoxrd proxotype,1700002080237,1700002091183,10946,5,33
session_P003,P003,10,sp_reverse_b,main,,typing on a screen keyboard,typing on a screen xxybxxrx,1700002091583,1700002102492,10909,6,34
session_P003,P003,11,sp_reverse_b,main,,we measure speed and errors,we mxasxre speed and erroxx,1700002102892,1700002113049,10157,5,33
session_P003,P003,12,sp_reverse_b,main,,practice makes perfect,praxtixx xakes pexfect,1700002113449,1700002121425,7976,6,29
session_P003,P003,13,sp_identity,practice,,the quick brown fox,xhx xuick brxwn xox,1700002121825,1700002130238,8413,7,27
session_P003,P003,14,sp_identity,main,,human computer interaction,huxan cxmputex interaction,1700002130638,1700002141434,10796,4,31
session_P003,P003,15,sp_identity,main,,a simple keyboard prototype,a simplx keyboxrd pxototype,1700002141834,1700002152422,10588,4,32
session_P003,P003,16,sp_identity,main,,typing on a screen keyboard,xyping on a scrxex keyboarx,1700002152822,1700002162947,10125,5,33
session_P003,P003,17,sp_identity,main,,we measure speed and errors,xe measxre speed and erxors,1700002163347,1700002173568,10221,4,32
session_P003,P003,18,sp_identity,main,,practice makes perfect,xractice xakes pxrfecx,1700002173968,1700002181779,7811,5,28
session_P003,P003,19,qwerty,practice,,the quick brown fox,xhe quxck brown fox,1700002182179,1700002189704,7525,4,24
session_P003,P003,20,qwerty,main,,human computer interaction,humxn computer intxraction,1700002190104,1700002199559,9455,3,30
session_P003,P003,21,qwerty,main,,a simple keyboard prototype,a simple kexboaxd prototype,1700002199959,1700002209323,9364,3,31
session_P003,P003,22,qwerty,main,,typing on a screen keyboard,typing on a sxreen keyboard,1700002209723,1700002219281,9558,2,30
session_P003,P003,23,qwerty,main,,we measure speed and errors,we measure spxed and erroxs,1700002219681,1700002228558,8877,3,31
session_P003,P003,24,qwerty,main,,practice makes perfect,practice makxs perfecx,1700002228958,1700002230458,1500,3,26
session_P003,P003,25,very_good,practice,,the quick brown fox,the xxick brown foy,1700002230858,1700002237873,7015,5,25
session_P003,P003,26,very_good,main,,human computer interaction,human compxter ixteraction,1700002238273,1700002246964,8691,3,30
session_P003,P003,27,very_good,main,,a simple keyboard prototype,a simpxe keyboard prototypx,1700002247364,1700002256517,9153,3,31
session_P003,P003,28,very_good,main,,typing on a screen keyboard,typing on a sxreen keyboard,1700002256917,1700002265627,8710,2,30
session_P003,P003,29,very_good,main,,we measure speed and errors,we meaxure xpeed and errors,1700002266027,1700002274690,8663,3,31
session_P003,P003,30,very_good,main,,practice makes perfect,practice makes xerfecx,1700002275090,1700002281947,6857,3,26
session_P004,P004,1,pretty_good,practice,,the quick brown fox,the quxck brxwx fox,1700003000000,1700003008201,8201,4,24
session_P004,P004,2,pretty_good,main,,human computer interaction,humxn computer interaxtxon,1700003008601,1700003018633,10032,3,30
session_P004,P004,3,pretty_good,main,,a simple keyboard prototype,a simxle keyboard prototyxx,1700003019033,1700003029384,10351,3,31
session_P004,P004,4,pretty_good,main,,typing on a screen keyboard,xyping on a scrxen keyboard,1700003029784,1700003039723,9939,2,30
session_P004,P004,5,pretty_good,main,,we measure speed and errors,we measurx speed xnd erroxs,1700003040123,1700003049709,9586,3,31
session_P004,P004,6,pretty_good,main,,practice makes perfect,praxtice makxs perfect,1700003050109,1700003057567,7458,2,25
session_P004,P004,7,very_good,practice,,the quick brown fox,thx qxick brxwn fox,1700003057967,1700003064814,6847,4,24
session_P004,P004,8,very_good,main,,human computer interaction,human cxmputer interxction,1700003065214,1700003074003,8789,2,29
session_P004,P004,9,very_good,main,,a simple keyboard prototype,a simple keyxoard prototype,1700003074403,1700003083353,8950,1,29
session_P004,P004,10,very_good,main,,typing on a screen keyboard,typxng on a screen keyboard,1700003083753,1700003092191,8438,1,29
session_P004,P004,11,very_good,main,,we measure speed and errors,we measure speed and xrrors,1700003092591,1700003100920,8329,1,29
session_P004,P004,12,very_good,main,,practice makes perfect,practxce makex perfect,1700003101320,1700003107937,6617,2,25
session_P004,P004,13,sp_identity,practice,,the quick brown fox,thx quxcx broxn fox,1700003108337,1700003116422,8085,5,25
session_P004,P004,14,sp_identity,main,,human computer interaction,human xompuxer intxractixn,1700003116822,1700003127222,10400,4,31
session_P004,P004,15,sp_identity,main,,a simple keyboard prototype,a sixxle keyboard pxototype,1700003127622,1700003137591,9969,3,31
session_P004,P004,16,sp_identity,main,,typing on a screen keyboard,typing on a screxn kxyboxrd,1700003137991,1700003147780,9789,3,31
session_P004,P004,17,sp_identity,main,,we measure speed and errors,we mexsure speed anx erxoxs,1700003148180,1700003157517,9337,4,32
session_P004,P004,18,sp_identity,main,,practice makes perfect,practxce maxes pxrfect,1700003157917,1700003165525,7608,3,26
session_P004,P004,19,qwerty,practice,,the quick brown fox,xhe quicx brxwn fox,1700003165925,1700003173304,7379,4,24
session_P004,P004,20,qwerty,main,,human computer interaction,human xomputer interactxon,1700003173704,1700003183159,9455,2,29
session_P004,P004,21,qwerty,main,,a simple keyboard prototype,a simple keyxoxrd prototype,1700003183559,1700003192737,9178,2,30
session_P004,P004,22,qwerty,main,,typing on a screen keyboard,typing on a screen keybxarx,1700003193137,1700003201965,8828,2,30
session_P004,P004,23,qwerty,main,,we measure speed and errors,we measure spexd anx errors,1700003202365,1700003211365,9000,2,30
session_P004,P004,24,qwerty,main,,practice makes perfect,practice xakes perfecx,1700003211765,1700003218824,7059,2,25
session_P004,P004,25,sp_reverse_b,practice,,the quick brown fox,txe xxick bxxwx fox,1700003219224,1700003228165,8941,7,27
session_P004,P004,26,sp_reverse_b,main,,human computer interaction,human computer xnxxxactixn,1700003228565,1700003239590,11025,5,32
session_P004,P004,27,sp_reverse_b,main,,a simple keyboard prototype,x simxle xexboard protxtype,1700003239990,1700003250408,10418,5,33
session_P004,P004,28,sp_reverse_b,main,,typing on a screen keyboard,xyping on a xxrxen xeyboard,1700003250808,1700003261193,10385,5,33
session_P004,P004,29,sp_reverse_b,main,,we measure speed and errors,we meaxure spexd xnd erroxs,1700003261593,1700003271501,9908,4,32
session_P004,P004,30,sp_reverse_b,main,,practice makes perfect,praxtixe makxs perxecx,1700003271901,1700003279974,8073,5,28
session_P005,P005,1,pretty_good,practice,,the quick brown fox,xxx quick browx fox,1700004000000,1700004008352,8352,6,26
session_P005,P005,2,pretty_good,main,,human computer interaction,human computer xnteracxion,1700004008752,1700004018352,9600,3,30
session_P005,P005,3,pretty_good,main,,a simple keyboard prototype,a simple keyboard pxototypx,1700004018752,1700004028281,9529,3,31
session_P005,P005,4,pretty_good,main,,typing on a screen keyboard,xyxing on a screen keyboxrd,1700004028681,1700004038411,9730,4,32
session_P005,P005,5,pretty_good,main,,we measure speed and errors,we measxre xpeed and errorx,1700004038811,1700004048121,9310,4,32
session_P005,P005,6,pretty_good,main,,practice makes perfect,pracxice makes pxrfext,1700004048521,1700004055774,7253,4,27
session_P005,P005,7,sp_reverse_b,practice,,the quick brown fox,xxe quick brxxx fxx,1700004056174,1700004065368,9194,8,28
session_P005,P005,8,sp_reverse_b,main,,human computer interaction,human computer xnxexacxion,1700004065768,1700004076754,10986,5,32
session_P005,P005,9,sp_reverse_b,main,,a simple keyboard prototype,a sxmple keybxxrx prototype,1700004077154,1700004088212,11058,5,33
session_P005,P005,10,sp_reverse_b,main,,typing on a screen keyboard,typixx on a xcxeen keyboard,1700004088612,1700004098898,10286,5,33
session_P005,P005,11,sp_reverse_b,main,,we measure speed and errors,we measure sxxed xnd exrorx,1700004099298,1700004109423,10125,6,34
session_P005,P005,12,sp_reverse_b,main,,practice makes perfect,praxxicx makes perfext,1700004109823,1700004117971,8148,5,28
session_P005,P005,13,qwerty,practice,,the quick brown fox,xhe quick brxwn xox,1700004118371,1700004125632,7261,5,25
session_P005,P005,14,qwerty,main,,human computer interaction,human computxr interaction,1700004126032,1700004135290,9258,2,29
session_P005,P005,15,qwerty,main,,a simple keyboard prototype,a sxxple keyboard prototype,1700004135690,1700004145109,9419,3,31
session_P005,P005,16,qwerty,main,,typing on a screen keyboard,typinx on a screen kexboard,1700004145509,1700004154313,8804,3,31
session_P005,P005,17,qwerty,main,,we measure speed and errors,we measure speed and erxors,1700004154713,1700004163353,8640,2,30
session_P005,P005,18,qwerty,main,,practice makes perfect,practice makes perfxct,1700004163753,1700004170540,6787,2,25
session_P005,P005,19,very_good,practice,,the quick brown fox,the quicx brown foy,1700004170940,1700004177626,6686,4,24
session_P005,P005,20,very_good,main,,human computer interaction,xuman computer xnteraction,1700004178026,1700004186551,8525,3,30
session_P005,P005,21,very_good,main,,a simple keyboard prototype,a sixple kxyboard prototype,1700004186951,1700004195433,8482,3,31
session_P005,P005,22,very_good,main,,typing on a screen keyboard,typinx on a screen keyboard,1700004195833,1700004204036,8203,2,30
session_P005,P005,23,very_good,main,,we measure speed and errors,we mexsure speed and erxors,1700004204436,1700004212516,8080,3,31
session_P005,P005,24,very_good,main,,practice makes perfect,practice makes pexfecx,1700004212916,1700004219293,6377,3,26
session_P005,P005,25,sp_identity,practice,,the quick brown fox,txe quicx brxwx xox,1700004219693,1700004227954,8261,7,27
session_P005,P005,26,sp_identity,main,,human computer interaction,human xoxputer interxction,1700004228354,1700004238419,10065,4,31
session_P005,P005,27,sp_identity,main,,a simple keyboard prototype,x sixple keyboard pxototype,1700004238819,1700004249204,10385,4,32
session_P005,P005,28,sp_identity,main,,typing on a screen keyboard,typing ox a xcxeen keyboard,1700004249604,1700004259761,10157,4,32
session_P005,P005,29,sp_identity,main,,we measure speed and errors,we meaxxre speex and erroxs,1700004260161,1700004269920,9759,5,33
session_P005,P005,30,sp_identity,main,,practice makes perfect,xrxxtice makes xerfect,1700004270320,1700004277633,7313,5,28
session_P006,P006,1,qwerty,practice,,the quick brown fox,thx qxick brxwn fox,1700005000000,1700005007355,7355,4,24
session_P006,P006,2,qwerty,main,,human computer interaction,human computer interactxon,1700005007755,1700005017041,9286,1,28
session_P006,P006,3,qwerty,main,,a simple keyboard prototype,x simple keyboard prototype,1700005017441,1700005026672,9231,1,29
session_P006,P006,4,qwerty,main,,typing on a screen keyboard,typing on a sxreen keyboard,1700005027072,1700005036409,9337,1,29
session_P006,P006,5,qwerty,main,,we measure speed and errors,we measure xpeex and errors,1700005036809,1700005045859,9050,2,30
session_P006,P006,6,qwerty,main,,practice makes perfect,practice makes perfext,1700005046259,1700005053492,7233,1,24
session_P006,P006,7,sp_identity,practice,,the quick brown fox,xxe qxxck brown xox,1700005053892,1700005061417,7525,6,26
session_P006,P006,8,sp_identity,main,,human computer interaction,human compuxex intxractxon,1700005061817,1700005071158,9341,4,31
session_P006,P006,9,sp_identity,main,,a simple keyboard prototype,a sixpxe keyboaxd prototype,1700005071558,1700005080977,9419,3,31
session_P006,P006,10,sp_identity,main,,typing on a screen keyboard,typxng on a xcxeen keyboard,1700005081377,1700005090634,9257,3,31
session_P006,P006,11,sp_identity,main,,we measure speed and errors,we mexxxre speed and xrrors,1700005091034,1700005100009,8975,4,32
session_P006,P006,12,sp_identity,main,,practice makes perfect,practxce makxs perfext,1700005100409,1700005107563,7154,3,26
session_P006,P006,13,sp_reverse_b,practice,,the quick brown fox,xhx xxicx brown fxx,1700005107963,1700005116407,8444,7,27
session_P006,P006,14,sp_reverse_b,main,,human computer interaction,hxman xomputer ixtexaction,1700005116807,1700005126839,10032,4,31
session_P006,P006,15,sp_reverse_b,main,,a simple keyboard prototype,a ximplx kxyboard pxototype,1700005127239,1700005137758,10519,4,32
session_P006,P006,16,sp_reverse_b,main,,typing on a screen keyboard,typing on a xcxeen kexxoarx,1700005138158,1700005148347,10189,5,33
session_P006,P006,17,sp_reverse_b,main,,we measure speed and errors,xx mexsure spxxd xxx errors,1700005148747,1700005158686,9939,8,36
session_P006,P006,18,sp_reverse_b,main,,practice makes perfect,pxaxxixe makes pexfect,1700005159086,1700005166544,7458,5,28
session_P006,P006,19,pretty_good,practice,,the quick brown fox,the xuixk brxxn fox,1700005166944,1700005174569,7625,5,25
session_P006,P006,20,pretty_good,main,,human computer interaction,human computer intxracxxon,1700005174969,1700005184540,9571,3,30
session_P006,P006,21,pretty_good,main,,a simple keyboard prototype,a ximpxe keyboard proxotype,1700005184940,1700005194224,9284,3,31
session_P006,P006,22,pretty_good,main,,typing on a screen keyboard,tyxing on x screen xeyboard,1700005194624,1700005203961,9337,3,31
session_P006,P006,23,pretty_good,main,,we measure speed and errors,we meaxuxe speed xnd errors,1700005204361,1700005213071,8710,3,31
session_P006,P006,24,pretty_good,main,,practice makes perfect,pxactixe makes perfect,1700005213471,1700005220346,6875,2,25
session_P006,P006,25,very_good,practice,,the quick brown fox,xhx qxick brown fox,1700005220746,1700005227849,7103,4,24
session_P006,P006,26,very_good,main,,human computer interaction,human computer inxeraction,1700005228249,1700005236844,8595,1,28
session_P006,P006,27,very_good,main,,a simple keyboard prototype,a simple keyboard prototyxe,1700005237244,1700005245770,8526,1,29
session_P006,P006,28,very_good,main,,typing on a screen keyboard,typixg on a screen keyboard,1700005246170,1700005254696,8526,1,29
session_P006,P006,29,very_good,main,,we measure speed and errors,we measure speed axd exrors,1700005255096,1700005263156,8060,2,30
session_P006,P006,30,very_good,main,,practice makes perfect,practice makes perfecx,1700005263556,1700005269995,6439,1,24
session_P007,P007,1,qwerty,practice,,the quick brown fox,the quixk brown foy,1700006000000,1700006007451,7451,4,24
session_P007,P007,2,qwerty,main,,human computer interaction,human computer intxrxction,1700006007851,1700006017082,9231,3,30
session_P007,P007,3,qwerty,main,,a simple keyboard prototype,a simple keyboard pxototype,1700006017482,1700006026739,9257,2,30
session_P007,P007,4,qwerty,main,,typing on a screen keyboard,typing on a screen xeyboard,1700006027139,1700006036139,9000,2,30
session_P007,P007,5,qwerty,main,,we measure speed and errors,we measure speed xnd errors,1700006036539,1700006045088,8549,2,30
session_P007,P007,6,qwerty,main,,practice makes perfect,practice maxes perfect,1700006045488,1700006052240,6752,2,25
session_P007,P007,7,very_good,practice,,the quick brown fox,xhe quick browx xox,1700006052640,1700006059009,6369,5,25
session_P007,P007,8,very_good,main,,human computer interaction,human xomputer interaction,1700006059409,1700006067308,7899,2,29
session_P007,P007,9,very_good,main,,a simple keyboard prototype,a simple keyboaxd prototypx,1700006067708,1700006075952,8244,3,31
session_P007,P007,10,very_good,main,,typing on a screen keyboard,txping on a sxreen keyboard,1700006076352,1700006084159,7807,3,31
session_P007,P007,11,very_good,main,,we measure speed and errors,we measure speed anx errors,1700006084559,1700006092292,7733,2,30
session_P007,P007,12,very_good,main,,practice makes perfect,practxce makes perfect,1700006092692,1700006098803,6111,2,25
session_P007,P007,13,sp_reverse_b,practice,,the quick brown fox,thx xuixx brown xoy,1700006099203,1700006107555,8352,8,28
session_P007,P007,14,sp_reverse_b,main,,human computer interaction,xumxn computxr xnteraxtion,1700006107955,1700006118218,10263,6,33
session_P007,P007,15,sp_reverse_b,main,,a simple keyboard prototype,a simplx keybxard xroxotype,1700006118618,1700006128587,9969,5,33
session_P007,P007,16,sp_reverse_b,main,,typing on a screen keyboard,typxng ox a screex kexboard,1700006128987,1700006138516,9529,5,33
session_P007,P007,17,sp_reverse_b,main,,we measure speed and errors,we mexsuxe speed and erxxrs,1700006138916,1700006148474,9558,5,33
session_P007,P007,18,sp_reverse_b,main,,practice makes perfect,xxactice makes xerfecx,1700006148874,1700006156147,7273,5,28
session_P007,P007,19,sp_identity,practice,,the quick brown fox,txe quxcx xrown xox,1700006156547,1700006164632,8085,7,27
session_P007,P007,20,sp_identity,main,,human computer interaction,human xomputer intexxxtion,1700006165032,1700006174603,9571,5,32
session_P007,P007,21,sp_identity,main,,a simple keyboard prototype,a simpxe keyboxrd xrotoxype,1700006175003,1700006184646,9643,5,33
session_P007,P007,22,sp_identity,main,,typing on a screen keyboard,xyping on a screen xeyboaxd,1700006185046,1700006194776,9730,4,32
session_P007,P007,23,sp_identity,main,,we measure speed and errors,we measure xpeed axd erroxs,1700006195176,1700006204277,9101,4,32
session_P007,P007,24,sp_identity,main,,practice makes perfect,pxxctxce maxes perfect,1700006204677,1700006212051,7374,5,28
session_P007,P007,25,pretty_good,practice,,the quick brown fox,xhe quxck brown xox,1700006212451,1700006220076,7625,5,25
session_P007,P007,26,pretty_good,main,,human computer interaction,humax computer interactxon,1700006220476,1700006229442,8966,3,30
session_P007,P007,27,pretty_good,main,,a simple keyboard prototype,a sixxle keyboaxd prototype,1700006229842,1700006238817,8975,4,32
session_P007,P007,28,pretty_good,main,,typing on a screen keyboard,typxng on a screex kxyboard,1700006239217,1700006248267,9050,4,32
session_P007,P007,29,pretty_good,main,,we measure speed and errors,we measurx speed xnd erroxs,1700006248667,1700006257127,8460,4,32
session_P007,P007,30,pretty_good,main,,practice makes perfect,prxctice makes xerfext,1700006257527,1700006264456,6929,4,27
session_P008,P008,1,qwerty,practice,,the quick brown fox,the quick bxowx fox,1700007000000,1700007007284,7284,3,23
session_P008,P008,2,qwerty,main,,human computer interaction,human comxuter interactxon,1700007007684,1700007016351,8667,2,29
session_P008,P008,3,qwerty,main,,a simple keyboard prototype,a simple keyxoard prototyxe,1700007016751,1700007025555,8804,2,30
session_P008,P008,4,qwerty,main,,typing on a screen keyboard,txping on a screen keyboarx,1700007025955,1700007034905,8950,2,30
session_P008,P008,5,qwerty,main,,we measure speed and errors,we measure spexd anx errors,1700007035305,1700007043634,8329,2,30
session_P008,P008,6,qwerty,main,,practice makes perfect,xractice makes xerfect,1700007044034,1700007050891,6857,2,25
session_P008,P008,7,very_good,practice,,the quick brown fox,the quixk brown foy,1700007051291,1700007057732,6441,3,23
session_P008,P008,8,very_good,main,,human computer interaction,human computer xnteraction,1700007058132,1700007066173,8041,1,28
session_P008,P008,9,very_good,main,,a simple keyboard prototype,a simple keyboaxd prototype,1700007066573,1700007074475,7902,1,29
session_P008,P008,10,very_good,main,,typing on a screen keyboard,typing on a scxeen keyboard,1700007074875,1700007082626,7751,1,29
session_P008,P008,11,very_good,main,,we measure speed and errors,we measure xpeed axd errors,1700007083026,1700007090543,7517,2,30
session_P008,P008,12,very_good,main,,practice makes perfect,prxctice makex perfect,1700007090943,1700007097155,6212,2,25
session_P008,P008,13,pretty_good,practice,,the quick brown fox,the xuick brxxn fox,1700007097555,1700007104614,7059,4,24
session_P008,P008,14,pretty_good,main,,human computer interaction,human computer interactixx,1700007105014,1700007113954,8940,2,29
session_P008,P008,15,pretty_good,main,,a simple keyboard prototype,a ximple keyxoard prototypx,1700007114354,1700007122880,8526,3,31
session_P008,P008,16,pretty_good,main,,typing on a screen keyboard,typinx on a screen keyxoarx,1700007123280,1700007131674,8394,3,31
session_P008,P008,17,pretty_good,main,,we measure speed and errors,we measuxe speed axd errxrs,1700007132074,1700007140512,8438,3,31
session_P008,P008,18,pretty_good,main,,practice makes perfect,practice mxxes perfxct,1700007140912,1700007147335,6423,3,26
session_P008,P008,19,sp_reverse_b,practice,,the quick brown fox,txe xuicx bxoxn fox,1700007147735,1700007155707,7972,6,26
session_P008,P008,20,sp_reverse_b,main,,human computer interaction,huxax compxxer interaction,1700007156107,1700007166204,10097,4,31
session_P008,P008,21,sp_reverse_b,main,,a simple keyboard prototype,a ximpxe kxxboard protoxype,1700007166604,1700007176482,9878,5,33
session_P008,P008,22,sp_reverse_b,main,,typing on a screen keyboard,tyxing xx a screxn xeyboard,1700007176882,1700007186440,9558,5,33
session_P008,P008,23,sp_reverse_b,main,,we measure speed and errors,we mexsure sxexd anx xrrors,1700007186840,1700007196231,9391,5,33
session_P008,P008,24,sp_reverse_b,main,,practice makes perfect,xraxtice xakes perfext,1700007196631,1700007204174,7543,4,27
session_P008,P008,25,sp_identity,practice,,the quick brown fox,xxe quicx brown fxx,1700007204574,1700007212574,8000,5,25
session_P008,P008,26,sp_identity,main,,human computer interaction,human compxter intexaxtion,1700007212974,1700007222372,9398,3,30
session_P008,P008,27,sp_identity,main,,a simple keyboard prototype,a simpxe xeyboard protxtype,1700007222772,1700007232444,9672,3,31
session_P008,P008,28,sp_identity,main,,typing on a screen keyboard,typing on x scrxen xeyboaxd,1700007232844,1700007241920,9076,4,32
session_P008,P008,29,sp_identity,main,,we measure speed and errors,we mxasure xpeed xnd errors,1700007242320,1700007251739,9419,3,31
session_P008,P008,30,sp_identity,main,,practice makes perfect,pxactxce makes perfecx,1700007252139,1700007259472,7333,3,26
session_P009,P009,1,pretty_good,practice,,the quick brown fox,the quixk broxn foy,1700008000000,1700008007192,7192,5,25
session_P009,P009,2,pretty_good,main,,human computer interaction,human computxr interxction,1700008007592,1700008016381,8789,3,30
session_P009,P009,3,pretty_good,main,,a simple keyboard prototype,a simpxe keyboard pxototype,1700008016781,1700008025934,9153,3,31
session_P009,P009,4,pretty_good,main,,typing on a screen keyboard,typixg on a screxn keyboard,1700008026334,1700008035384,9050,3,31
session_P009,P009,5,pretty_good,main,,we measure speed and errors,we measxxe speed and errors,1700008035784,1700008044333,8549,3,31
session_P009,P009,6,pretty_good,main,,practice makes perfect,practice xakxs pexfect,1700008044733,1700008051662,6929,4,27
session_P009,P009,7,sp_identity,practice,,the quick brown fox,xxe quick brxwx foy,1700008052062,1700008059587,7525,7,27
session_P009,P009,8,sp_identity,main,,human computer interaction,human cxmpxter interactiox,1700008059987,1700008069442,9455,4,31
session_P009,P009,9,sp_identity,main,,a simple keyboard prototype,x simple keyboard xxotxtype,1700008069842,1700008078792,8950,5,33
session_P009,P009,10,sp_identity,main,,typing on a screen keyboard,typixg on a screxn keyboaxd,1700008079192,1700008088069,8877,4,32
session_P009,P009,11,sp_identity,main,,we measure speed and errors,we measxre sxeed and erroxs,1700008088469,1700008097109,8640,4,32
session_P009,P009,12,sp_identity,main,,practice makes perfect,xracxice mxxes perfect,1700008097509,1700008104244,6735,5,28
session_P009,P009,13,qwerty,practice,,the quick brown fox,the quicx brown foy,1700008104644,1700008111410,6766,4,24
session_P009,P009,14,qwerty,main,,human computer interaction,human computer xntxraction,1700008111810,1700008120108,8298,3,30
session_P009,P009,15,qwerty,main,,a simple keyboard prototype,a simplx keyboard prototype,1700008120508,1700008128990,8482,2,30
session_P009,P009,16,qwerty,main,,typing on a screen keyboard,typing on a sxreex keyboard,1700008129390,1700008137655,8265,3,31
session_P009,P009,17,qwerty,main,,we measure speed and errors,we measure sxeed and errors,1700008138055,1700008146055,8000,2,30
session_P009,P009,18,qwerty,main,,practice makes perfect,prxcticx makes perfect,1700008146455,1700008152816,6361,3,26
session_P009,P009,19,very_good,practice,,the quick brown fox,the quxck brxwn xox,1700008153216,1700008159463,6247,5,25
session_P009,P009,20,very_good,main,,human computer interaction,human computer intexactixn,1700008159863,1700008167567,7704,3,30
session_P009,P009,21,very_good,main,,a simple keyboard prototype,a simple keyboard protxtype,1700008167967,1700008175967,8000,2,30
session_P009,P009,22,very_good,main,,typing on a screen keyboard,typing on x screen keyboard,1700008176367,1700008184174,7807,2,30
session_P009,P009,23,very_good,main,,we measure speed and errors,xe measuxe speed and errors,1700008184574,1700008192216,7642,3,31
session_P009,P009,24,very_good,main,,practice makes perfect,pracxice xakes perfect,1700008192616,1700008198549,5933,3,26
session_P009,P009,25,sp_reverse_b,practice,,the quick brown fox,xhx xuick browx fxx,1700008198949,1700008207063,8114,7,27
session_P009,P009,26,sp_reverse_b,main,,human computer interaction,humax coxputxr inxerxction,1700008207463,1700008217152,9689,6,33
session_P009,P009,27,sp_reverse_b,main,,a simple keyboard prototype,a simxle keyxoard xrotxtxpe,1700008217552,1700008227430,9878,6,34
session_P009,P009,28,sp_reverse_b,main,,typing on a screen keyboard,xypixg on a xcreex keyboard,1700008227830,1700008237738,9908,5,33
session_P009,P009,29,sp_reverse_b,main,,we measure speed and errors,we mexsurx xpxed and errors,1700008238138,1700008247667,9529,5,33
session_P009,P009,30,sp_reverse_b,main,,practice makes perfect,practice mxxes pxxxect,1700008248067,1700008255504,7437,6,29
session_P010,P010,1,pretty_good,practice,,the quick brown fox,the qxick broxn xoy,1700009000000,1700009007379,7379,5,25
session_P010,P010,2,pretty_good,main,,human computer interaction,human compxter inxeracxion,1700009007779,1700009016304,8525,3,30
session_P010,P010,3,pretty_good,main,,a simple keyboard prototype,a sixple keyboard xrototxpe,1700009016704,1700009025654,8950,3,31
session_P010,P010,4,pretty_good,main,,typing on a screen keyboard,typing on a screxx keyboarx,1700009026054,1700009034536,8482,3,31
session_P010,P010,5,pretty_good,main,,we measure speed and errors,we mxasure xpeed and errors,1700009034936,1700009043485,8549,2,30
session_P010,P010,6,pretty_good,main,,practice makes perfect,xractice makes pexfxct,1700009043885,1700009050387,6502,3,26
session_P010,P010,7,sp_identity,practice,,the quick brown fox,txx quicx browx foy,1700009050787,1700009058002,7215,6,26
session_P010,P010,8,sp_identity,main,,human computer interaction,hxmax cxmputer ixteraction,1700009058402,1700009067342,8940,4,31
session_P010,P010,9,sp_identity,main,,a simple keyboard prototype,a sixxle keyboard proxotyxe,1700009067742,1700009076619,8877,4,32
session_P010,P010,10,sp_identity,main,,typing on a screen keyboard,xyping on a screex keyboxrd,1700009077019,1700009085545,8526,3,31
session_P010,P010,11,sp_identity,main,,we measure speed and errors,we xeasuxe spxxd and errors,1700009085945,1700009094539,8594,4,32
session_P010,P010,12,sp_identity,main,,practice makes perfect,xractice xaxes perfext,1700009094939,1700009101640,6701,4,27
session_P010,P010,13,qwerty,practice,,the quick brown fox,the quick xrown xxx,1700009102040,1700009108592,6552,4,24
session_P010,P010,14,qwerty,main,,human computer interaction,human computer ixteraction,1700009108992,1700009116931,7939,1,28
session_P010,P010,15,qwerty,main,,a simple keyboard prototype,a simple keyboard protxtypx,1700009117331,1700009125331,8000,2,30
session_P010,P010,16,qwerty,main,,typing on a screen keyboard,typing on a screen keyxoard,1700009125731,1700009133851,8120,1,29
session_P010,P010,17,qwerty,main,,we measure speed and errors,we measure speed xnd errxrs,1700009134251,1700009142002,7751,2,30
session_P010,P010,18,qwerty,main,,practice makes perfect,practice makes perxxct,1700009142402,1700009148614,6212,2,25
session_P010,P010,19,very_good,practice,,the quick brown fox,the xuick brown xox,1700009149014,1700009154983,5969,3,23
session_P010,P010,20,very_good,main,,human computer interaction,human computer interactxon,1700009155383,1700009163183,7800,1,28
session_P010,P010,21,very_good,main,,a simple keyboard prototype,a simple keyboard prototypx,1700009163583,1700009171563,7980,1,29
session_P010,P010,22,very_good,main,,typing on a screen keyboard,typing on a xcrexn keyboard,1700009171963,1700009179377,7414,2,30
session_P010,P010,23,very_good,main,,we measure speed and errors,wx measure speed and errors,1700009179777,1700009187277,7500,1,29
session_P010,P010,24,very_good,main,,practice makes perfect,practxce makes perfect,1700009187677,1700009193531,5854,1,24
session_P010,P010,25,sp_reverse_b,practice,,the quick brown fox,xxx quicx brown xxx,1700009193931,1700009202016,8085,7,27
session_P010,P010,26,sp_reverse_b,main,,human computer interaction,human compuxer ixxexactiox,1700009202416,1700009212016,9600,5,32
session_P010,P010,27,sp_reverse_b,main,,a simple keyboard prototype,a simpxe kexboxrd pxxtotype,1700009212416,1700009221807,9391,5,33
session_P010,P010,28,sp_reverse_b,main,,typing on a screen keyboard,typing ox x sxreen xeybxard,1700009222207,1700009231544,9337,5,33
session_P010,P010,29,sp_reverse_b,main,,we measure speed and errors,xe mexsure sxeex and errors,1700009231944,1700009241071,9127,4,32
session_P010,P010,30,sp_reverse_b,main,,practice makes perfect,pxxxticx makes perxect,1700009241471,1700009248511,7040,5,28
session_P011,P011,1,very_good,practice,,the quick brown fox,the quxck bxxwn fox,1700010000000,1700010006351,6351,5,25
session_P011,P011,2,very_good,main,,human computer interaction,humax computer interacxion,1700010006751,1700010014876,8125,3,30
session_P011,P011,3,very_good,main,,a simple keyboard prototype,a simxle keyboard prototype,1700010015276,1700010023159,7883,2,30
session_P011,P011,4,very_good,main,,typing on a screen keyboard,typing on a scrxen keyboarx,1700010023559,1700010031385,7826,3,31
session_P011,P011,5,very_good,main,,we measure speed and errors,we measure speed and errxrs,1700010031785,1700010039320,7535,2,30
session_P011,P011,6,very_good,main,,practice makes perfect,practice xakes perxect,1700010039720,1700010045693,5973,3,26
session_P011,P011,7,pretty_good,practice,,the quick brown fox,the quixk xxown xox,1700010046093,1700010052879,6786,6,26
session_P011,P011,8,pretty_good,main,,human computer interaction,human computer inxxracxion,1700010053279,1700010061644,8365,4,31
session_P011,P011,9,pretty_good,main,,a simple keyboard prototype,a sxmpxe keyboaxd prototype,1700010062044,1700010070205,8161,4,32
session_P011,P011,10,pretty_good,main,,typing on a screen keyboard,typing xn a screen keyxoxrd,1700010070605,1700010078766,8161,4,32
session_P011,P011,11,pretty_good,main,,we measure speed and errors,we measure xpexd axd errors,1700010079166,1700010087266,8100,4,32
session_P011,P011,12,pretty_good,main,,practice makes perfect,practice mxkes xerfecx,1700010087666,1700010094185,6519,4,27
session_P011,P011,13,sp_reverse_b,practice,,the quick brown fox,thx quxxk brxwx fox,1700010094585,1700010101823,7238,7,27
session_P011,P011,14,sp_reverse_b,main,,human computer interaction,huxan xomputer interactxox,1700010102223,1700010111454,9231,5,32
session_P011,P011,15,sp_reverse_b,main,,a simple keyboard prototype,a sixple kxyboard protxtxpe,1700010111854,1700010121111,9257,5,33
session_P011,P011,16,sp_reverse_b,main,,typing on a screen keyboard,xyping ox a scxeen keyxoard,1700010121511,1700010130268,8757,5,33
session_P011,P011,17,sp_reverse_b,main,,we measure speed and errors,we mxasxre sxeed and erxors,1700010130668,1700010139569,8901,5,33
session_P011,P011,18,sp_reverse_b,main,,practice makes perfect,xractxce xakex xerfect,1700010139969,1700010147123,7154,6,29
session_P011,P011,19,qwerty,practice,,the quick brown fox,the quxcx brown fox,1700010147523,1700010154075,6552,4,24
session_P011,P011,20,qwerty,main,,human computer interaction,humxn computer interacxion,1700010154475,1700010162434,7959,3,30
session_P011,P011,21,qwerty,main,,a simple keyboard prototype,a ximple xeyboard prototype,1700010162834,1700010170995,8161,3,31
session_P011,P011,22,qwerty,main,,typing on a screen keyboard,xyping on a screen keyboard,1700010171395,1700010179746,8351,2,30
session_P011,P011,23,qwerty,main,,we measure speed and errors,we xeasure speed and errors,1700010180146,1700010188266,8120,2,30
session_P011,P011,24,qwerty,main,,practice makes perfect,practice makes xerfect,1700010188666,1700010195058,6392,2,25
session_P011,P011,25,sp_identity,practice,,the quick brown fox,xhx quick xrowx xox,1700010195458,1700010202495,7037,7,27
session_P011,P011,26,sp_identity,main,,human computer interaction,humxn cxmxuter interaction,1700010202895,1700010211861,8966,4,31
session_P011,P011,27,sp_identity,main,,a simple keyboard prototype,a simple kxybxxrd prototype,1700010212261,1700010220901,8640,4,32
session_P011,P011,28,sp_identity,main,,typing on a screen keyboard,typixg ox a scxeen keyboard,1700010221301,1700010229739,8438,4,32
session_P011,P011,29,sp_identity,main,,we measure speed and errors,we xeasure speex axd errors,1700010230139,1700010238733,8594,4,32
session_P011,P011,30,sp_identity,main,,practice makes perfect,practice makes pxxfexx,1700010239133,1700010245668,6535,5,28
session_P012,P012,1,sp_identity,practice,,the quick brown fox,thx quixk xxoxn fox,1700011000000,1700011007379,7379,6,26
session_P012,P012,2,sp_identity,main,,human computer interaction,hxman compuxer interxctixn,1700011007779,1700011016796,9017,4,31
session_P012,P012,3,sp_identity,main,,a simple keyboard prototype,a simple keyboard pxxxoxype,1700011017196,1700011026427,9231,4,32
session_P012,P012,4,sp_identity,main,,typing on a screen keyboard,typing ox x xcreex kxyxoaxd,1700011026827,1700011035802,8975,7,35
session_P012,P012,5,sp_identity,main,,we measure speed and errors,we meaxurx speed xnd erroxs,1700011036202,1700011045030,8828,4,32
session_P012,P012,6,sp_identity,main,,practice makes perfect,practice xxkes perfecx,1700011045430,1700011052305,6875,3,26
session_P012,P012,7,qwerty,practice,,the quick brown fox,the quick broxx foy,1700011052705,1700011059092,6387,4,24
session_P012,P012,8,qwerty,main,,human computer interaction,hxman computer interactixn,1700011059492,1700011067411,7919,2,29
session_P012,P012,9,qwerty,main,,a simple keyboard prototype,a simpxe keyboard prototype,1700011067811,1700011075952,8141,1,29
session_P012,P012,10,qwerty,main,,typing on a screen keyboard,typing on a screen kxyboard,1700011076352,1700011084012,7660,1,29
session_P012,P012,11,qwerty,main,,we measure speed and errors,we measure speed xnd erroxs,1700011084412,1700011092054,7642,2,30
session_P012,P012,12,qwerty,main,,practice makes perfect,practice makes pexfect,1700011092454,1700011098440,5986,1,24
session_P012,P012,13,very_good,practice,,the quick brown fox,the qxick brown xox,1700011098840,1700011104612,5772,3,23
session_P012,P012,14,very_good,main,,human computer interaction,human compxter interaxtion,1700011105012,1700011112441,7429,2,29
session_P012,P012,15,very_good,main,,a simple keyboard prototype,a sixple keyboard prototype,1700011112841,1700011120537,7696,1,29
session_P012,P012,16,very_good,main,,typing on a screen keyboard,typxng on a xcreen keyboard,1700011120937,1700011128368,7431,2,30
session_P012,P012,17,very_good,main,,we measure speed and errors,we measxre spexd and errors,1700011128768,1700011135920,7152,2,30
session_P012,P012,18,very_good,main,,practice makes perfect,practice makxs perxect,1700011136320,1700011141913,5593,2,25
session_P012,P012,19,pretty_good,practice,,the quick brown fox,txe quixx brown foy,1700011142313,1700011148884,6571,5,25
session_P012,P012,20,pretty_good,main,,human computer interaction,humax compxter inxeraction,1700011149284,1700011157325,8041,3,30
session_P012,P012,21,pretty_good,main,,a simple keyboard prototype,a sxmple keyboarx protxtype,1700011157725,1700011165805,8080,3,31
session_P012,P012,22,pretty_good,main,,typing on a screen keyboard,xyping on a xcreen keyboard,1700011166205,1700011174491,8286,2,30
session_P012,P012,23,pretty_good,main,,we measure speed and errors,we measxre speed xnd erroxs,1700011174891,1700011182533,7642,3,31
session_P012,P012,24,pretty_good,main,,practice makes perfect,pracxxce makes pexfect,1700011182933,1700011189058,6125,3,26
session_P012,P012,25,sp_reverse_b,practice,,the quick brown fox,txe qxixk browx xxx,1700011189458,1700011197083,7625,7,27
session_P012,P012,26,sp_reverse_b,main,,human computer interaction,xumxn compxtex interxction,1700011197483,1700011206796,9313,5,32
session_P012,P012,27,sp_reverse_b,main,,a simple keyboard prototype,a simple xexboard protoxyxe,1700011207196,1700011216480,9284,4,32
session_P012,P012,28,sp_reverse_b,main,,typing on a screen keyboard,xyping ox a screxn kxyxoard,1700011216880,1700011226058,9178,5,33
session_P012,P012,29,sp_reverse_b,main,,we measure speed and errors,we measure spxxd anx erroxs,1700011226458,1700011235075,8617,4,32
session_P012,P012,30,sp_reverse_b,main,,practice makes perfect,xractixx makes perfxct,1700011235475,1700011242279,6804,4,27
session_P013,P013,1,sp_identity,practice,,the quick brown fox,the quick xxowx xxx,1700012000000,1700012007261,7261,7,27
session_P013,P013,2,sp_identity,main,,human computer interaction,human comxuter ixterxction,1700012007661,1700012016304,8643,4,31
session_P013,P013,3,sp_identity,main,,a simple keyboard prototype,a simple keyxoard pxototyxe,1700012016704,1700012025414,8710,4,32
session_P013,P013,4,sp_identity,main,,typing on a screen keyboard,typing on a scxeen kxyboaxd,1700012025814,1700012034477,8663,4,32
session_P013,P013,5,sp_identity,main,,we measure speed and errors,xe measure speed and xrroxs,1700012034877,1700012043471,8594,4,32
session_P013,P013,6,sp_identity,main,,practice makes perfect,pracxicx makes perxect,1700012043871,1700012050471,6600,4,27
session_P013,P013,7,sp_reverse_b,practice,,the quick brown fox,the quxck xroxx foy,1700012050871,1700012058041,7170,7,27
session_P013,P013,8,sp_reverse_b,main,,human computer interaction,human compuxer ixtxractiox,1700012058441,1700012067205,8764,5,32
session_P013,P013,9,sp_reverse_b,main,,a simple keyboard prototype,a simplx keybxard xrototypx,1700012067605,1700012076915,9310,5,33
session_P013,P013,10,sp_reverse_b,main,,typing on a screen keyboard,txpxng on a sxxeen xeyboard,1700012077315,1700012086241,8926,6,34
session_P013,P013,11,sp_reverse_b,main,,we measure speed and errors,we measure speex xnd errxxs,1700012086641,1700012095057,8416,5,33
session_P013,P013,12,sp_reverse_b,main,,practice makes perfect,xracxxce xakes pxrfect,1700012095457,1700012102404,6947,6,29
session_P013,P013,13,very_good,practice,,the quick brown fox,the quick brxxn fox,1700012102804,1700012108711,5907,4,24
session_P013,P013,14,very_good,main,,human computer interaction,human computer interaxtiox,1700012109111,1700012116611,7500,3,30
session_P013,P013,15,very_good,main,,a simple keyboard prototype,a simple keyboard prototypx,1700012117011,1700012124408,7397,2,30
session_P013,P013,16,very_good,main,,typing on a screen keyboard,typxng on a screxn keyboard,1700012124808,1700012132325,7517,3,31
session_P013,P013,17,very_good,main,,we measure speed and errors,we measure sxeed anx errors,1700012132725,1700012139893,7168,3,31
session_P013,P013,18,very_good,main,,practice makes perfect,practice mxkes pexfect,1700012140293,1700012145922,5629,3,26
session_P013,P013,19,qwerty,practice,,the quick brown fox,txe qxick brown fox,1700012146322,1700012152518,6196,4,24
session_P013,P013,20,qwerty,main,,human computer interaction,human computer interactiox,1700012152918,1700012160603,7685,2,29
session_P013,P013,21,qwerty,main,,a simple keyboard prototype,a simple keyboard protoxypx,1700012161003,1700012168773,7770,3,31
session_P013,P013,22,qwerty,main,,typing on a screen keyboard,typing on a screen xeyboard,1700012169173,1700012177037,7864,2,30
session_P013,P013,23,qwerty,main,,we measure speed and errors,we measurx speed and errors,1700012177437,1700012184937,7500,2,30
session_P013,P013,24,qwerty,main,,practice makes perfect,pxactice makes perxect,1700012185337,1700012191217,5880,3,26
session_P013,P013,25,pretty_good,practice,,the quick brown fox,the quick xxoxn fox,1700012191617,1700012198150,6533,5,25
session_P013,P013,26,pretty_good,main,,human computer interaction,human computex ixtexaction,1700012198550,1700012206469,7919,4,31
session_P013,P013,27,pretty_good,main,,a simple keyboard prototype,a sxmple keyboard protoxype,1700012206869,1700012215010,8141,3,31
session_P013,P013,28,pretty_good,main,,typing on a screen keyboard,typing on a scrxen kexbxard,1700012215410,1700012223274,7864,4,32
session_P013,P013,29,pretty_good,main,,we measure speed and errors,we mexsuxe speed and erxors,1700012223674,1700012231557,7883,4,32
session_P013,P013,30,pretty_good,main,,practice makes perfect,practice mxkes perfxct,1700012231957,1700012237957,6000,3,26
session_P014,P014,1,sp_identity,practice,,the quick brown fox,txe xuxck brown fxx,1700013000000,1700013006994,6994,5,25
session_P014,P014,2,sp_identity,main,,human computer interaction,humax compxter xnteraction,1700013007394,1700013016133,8739,3,30
session_P014,P014,3,sp_identity,main,,a simple keyboard prototype,a sxxple keyboxrd prototype,1700013016533,1700013025219,8686,3,31
session_P014,P014,4,sp_identity,main,,typing on a screen keyboard,txping xn a scxeen keyboard,1700013025619,1700013034213,8594,3,31
session_P014,P014,5,sp_identity,main,,we measure speed and errors,we mexsurx xpeex and errors,1700013034613,1700013042878,8265,4,32
session_P014,P014,6,sp_identity,main,,practice makes perfect,pracxice makex xxrfect,1700013043278,1700013049813,6535,4,27
session_P014,P014,7,qwerty,practice,,the quick brown fox,the quick browx fxx,1700013050213,1700013056375,6162,3,23
session_P014,P014,8,qwerty,main,,human computer interaction,human computer interacxion,1700013056775,1700013064556,7781,1,28
session_P014,P014,9,qwerty,main,,a simple keyboard prototype,a ximple keyxoard prototype,1700013064956,1700013072763,7807,2,30
session_P014,P014,10,qwerty,main,,typing on a screen keyboard,typing on a xcreen keyboard,1700013073163,1700013080787,7624,1,29
session_P014,P014,11,qwerty,main,,we measure speed and errors,we measure speed and errxrs,1700013081187,1700013088419,7232,1,29
session_P014,P014,12,qwerty,main,,practice makes perfect,practice makes perxect,1700013088819,1700013094738,5919,1,24
session_P014,P014,13,pretty_good,practice,,the quick brown fox,txe quick xrown xox,1700013095138,1700013101170,6032,4,24
session_P014,P014,14,pretty_good,main,,human computer interaction,humxn cxmputer interaxtion,1700013101570,1700013109088,7518,3,30
session_P014,P014,15,pretty_good,main,,a simple keyboard prototype,x simple kexboard prototype,1700013109488,1700013117076,7588,2,30
session_P014,P014,16,pretty_good,main,,typing on a screen keyboard,typing xn a screen keybxard,1700013117476,1700013124993,7517,2,30
session_P014,P014,17,pretty_good,main,,we measure speed and errors,we measurx speed xnd errors,1700013125393,1700013132876,7483,2,30
session_P014,P014,18,pretty_good,main,,practice makes perfect,practice maxes perfext,1700013133276,1700013139222,5946,2,25
session_P014,P014,19,sp_reverse_b,practice,,the quick brown fox,the qxixx xrxwn fox,1700013139622,1700013146489,6867,6,26
session_P014,P014,20,sp_reverse_b,main,,human computer interaction,hxman xompxter xntexaction,1700013146889,1700013155390,8501,5,32
session_P014,P014,21,sp_reverse_b,main,,a simple keyboard prototype,x sxmple xexboard prototypx,1700013155790,1700013164667,8877,5,33
session_P014,P014,22,sp_reverse_b,main,,typing on a screen keyboard,typixg on a xxrxen xeyboard,1700013165067,1700013173753,8686,5,33
session_P014,P014,23,sp_reverse_b,main,,we measure speed and errors,we xeasurx sxeed anx errors,1700013174153,1700013182335,8182,4,32
session_P014,P014,24,sp_reverse_b,main,,practice makes perfect,praxticx makes pexxect,1700013182735,1700013189335,6600,4,27
session_P014,P014,25,very_good,practice,,the quick brown fox,the quxck brown foy,1700013189735,1700013195657,5922,3,23
session_P014,P014,26,very_good,main,,human computer interaction,human computer intxraction,1700013196057,1700013203723,7666,1,28
session_P014,P014,27,very_good,main,,a simple keyboard prototype,x simple keyboard prototype,1700013204123,1700013211588,7465,1,29
session_P014,P014,28,very_good,main,,typing on a screen keyboard,typing ox a screen kexboard,1700013211988,1700013219352,7364,2,30
session_P014,P014,29,very_good,main,,we measure speed and errors,xe measuxe speed and errors,1700013219752,1700013227149,7397,2,30
session_P014,P014,30,very_good,main,,practice makes perfect,prxctice makes perfect,1700013227549,1700013233226,5677,1,24
session_P015,P015,1,qwerty,practice,,the quick brown fox,thx qxick brown fxx,1700014000000,1700014006369,6369,5,25
session_P015,P015,2,qwerty,main,,human computer interaction,xuman computer interaction,1700014006769,1700014014492,7723,2,29
session_P015,P015,3,qwerty,main,,a simple keyboard prototype,a simple keybxard protxtype,1700014014892,1700014022662,7770,3,31
session_P015,P015,4,qwerty,main,,typing on a screen keyboard,typinx on a screen keyboard,1700014023062,1700014030984,7922,2,30
session_P015,P015,5,qwerty,main,,we measure speed and errors,we measure speed and erroxs,1700014031384,1700014038731,7347,2,30
session_P015,P015,6,qwerty,main,,practice makes perfect,practixe makes perfect,1700014039131,1700014045200,6069,2,25
session_P015,P015,7,sp_identity,practice,,the quick brown fox,txx quicx bxowx fox,1700014045600,1700014052152,6552,7,27
session_P015,P015,8,sp_identity,main,,human computer interaction,humax computer ixteractiox,1700014052552,1700014060352,7800,4,31
session_P015,P015,9,sp_identity,main,,a simple keyboard prototype,a xixple keyboxxd prototype,1700014060752,1700014068832,8080,5,33
session_P015,P015,10,sp_identity,main,,typing on a screen keyboard,tyxing on a screxn keyboaxd,1700014069232,1700014077002,7770,4,32
session_P015,P015,11,sp_identity,main,,we measure speed and errors,we mexsxxe speed and errors,1700014077402,1700014085098,7696,4,32
session_P015,P015,12,sp_identity,main,,practice makes perfect,xraxtixe xakes perfect,1700014085498,1700014091638,6140,5,28
session_P015,P015,13,sp_reverse_b,practice,,the quick brown fox,xhe qxicx broxn xox,1700014092038,1700014099097,7059,7,27
session_P015,P015,14,sp_reverse_b,main,,human computer interaction,huxan cxmxuter intexxction,1700014099497,1700014107751,8254,6,33
session_P015,P015,15,sp_reverse_b,main,,a simple keyboard prototype,a simple kxybxard pxoxoxype,1700014108151,1700014116700,8549,6,34
session_P015,P015,16,sp_reverse_b,main,,typing on a screen keyboard,txpxng on a screen keyxoaxd,1700014117100,1700014125494,8394,5,33
session_P015,P015,17,sp_reverse_b,main,,we measure speed and errors,we mexsure sxeed and errxrx,1700014125894,1700014134035,8141,5,33
session_P015,P015,18,sp_reverse_b,main,,practice makes perfect,xrxcxice makex perfext,1700014134435,1700014140812,6377,6,29
session_P015,P015,19,pretty_good,practice,,the quick brown fox,thx quick bxxwn fox,1700014141212,1700014147635,6423,5,25
session_P015,P015,20,pretty_good,main,,human computer interaction,human coxputer interactxon,1700014148035,1700014155777,7742,3,30
session_P015,P015,21,pretty_good,main,,a simple keyboard prototype,a simple keyboxrx prototype,1700014156177,1700014164157,7980,3,31
session_P015,P015,22,pretty_good,main,,typing on a screen keyboard,tyxxng xn a screen keyboard,1700014164557,1700014172163,7606,4,32
session_P015,P015,23,pretty_good,main,,we measure speed and errors,xe measure speed and errorx,1700014172563,1700014180011,7448,3,31
session_P015,P015,24,pretty_good,main,,practice makes perfect,practixe mxkes perfect,1700014180411,1700014186551,6140,3,26
session_P015,P015,25,very_good,practice,,the quick brown fox,the xxick browx fox,1700014186951,1700014192812,5861,5,25
session_P015,P015,26,very_good,main,,human computer interaction,human compuxer interaction,1700014193212,1700014200553,7341,2,29
session_P015,P015,27,very_good,main,,a simple keyboard prototype,a simple keyboard protoxype,1700014200953,1700014208401,7448,2,30
session_P015,P015,28,very_good,main,,typing on a screen keyboard,tyxing on a screen keyboard,1700014208801,1700014216017,7216,2,30
session_P015,P015,29,very_good,main,,we measure speed and errors,we measure speed anx errors,1700014216417,1700014223355,6938,2,30
session_P015,P015,30,very_good,main,,practice makes perfect,pxactice makes pexfect,1700014223755,1700014229457,5702,3,26
session_P016,P016,1,very_good,practice,,the quick brown fox,txe quicx broxn fox,1700015000000,1700015005907,5907,4,24
session_P016,P016,2,very_good,main,,human computer interaction,human computer interactixx,1700015006307,1700015013700,7393,2,29
session_P016,P016,3,very_good,main,,a simple keyboard prototype,a simple kxybxard prototype,1700015014100,1700015021348,7248,2,30
session_P016,P016,4,very_good,main,,typing on a screen keyboard,typing xn x screen keyboard,1700015021748,1700015028948,7200,2,30
session_P016,P016,5,very_good,main,,we measure speed and errors,we measure speed xnd errors,1700015029348,1700015036564,7216,1,29
session_P016,P016,6,very_good,main,,practice makes perfect,practxce makes perfect,1700015036964,1700015042593,5629,1,24
session_P016,P016,7,sp_identity,practice,,the quick brown fox,txe quxck xrxwn fxx,1700015042993,1700015049452,6459,6,26
session_P016,P016,8,sp_identity,main,,human computer interaction,human cxmputex ixteraction,1700015049852,1700015057873,8021,3,30
session_P016,P016,9,sp_identity,main,,a simple keyboard prototype,a sxmpxe keybxxrd prototype,1700015058273,1700015066156,7883,4,32
session_P016,P016,10,sp_identity,main,,typing on a screen keyboard,xyping ox a screen keyboaxd,1700015066556,1700015074636,8080,3,31
session_P016,P016,11,sp_identity,main,,we measure speed and errors,we xeaxure xpeed and errorx,1700015075036,1700015082919,7883,4,32
session_P016,P016,12,sp_identity,main,,practice makes perfect,practxcx makex perfext,1700015083319,1700015089487,6168,4,27
session_P016,P016,13,pretty_good,practice,,the quick brown fox,thx qxicx brown fxx,1700015089887,1700015095763,5876,5,25
session_P016,P016,14,pretty_good,main,,human computer interaction,human compuxer interaxtion,1700015096163,1700015103645,7482,2,29
session_P016,P016,15,pretty_good,main,,a simple keyboard prototype,a simple xeyboaxd proxotype,1700015104045,1700015111687,7642,3,31
session_P016,P016,16,pretty_good,main,,typing on a screen keyboard,typing on a xcreen keyboaxd,1700015112087,1700015119570,7483,2,30
session_P016,P016,17,pretty_good,main,,we measure speed and errors,wx measxre speex and errors,1700015119970,1700015127267,7297,3,31
session_P016,P016,18,pretty_good,main,,practice makes perfect,practice makes pxxfxct,1700015127667,1700015133344,5677,3,26
session_P016,P016,19,sp_reverse_b,practice,,the quick brown fox,txx quixk xroxn fox,1700015133744,1700015140591,6847,6,26
session_P016,P016,20,sp_reverse_b,main,,human computer interaction,human compuxer inxerxctxon,1700015140991,1700015149469,8478,4,31
session_P016,P016,21,sp_reverse_b,main,,a simple keyboard prototype,a sxmxxe xeyboard prototype,1700015149869,1700015158486,8617,4,32
session_P016,P016,22,sp_reverse_b,main,,typing on a screen keyboard,typing ox a screxn xeyboxrd,1700015158886,1700015167258,8372,4,32
session_P016,P016,23,sp_reverse_b,main,,we measure speed and errors,we xeaxuxe spexd and erroxs,1700015167658,1700015175923,8265,5,33
session_P016,P016,24,sp_reverse_b,main,,practice makes perfect,practice maxxs xerfext,1700015176323,1700015182858,6535,4,27
session_P016,P016,25,qwerty,practice,,the quick brown fox,the quxxk brown fox,1700015183258,1700015189149,5891,3,23
session_P016,P016,26,qwerty,main,,human computer interaction,humax computer interaction,1700015189549,1700015197177,7628,1,28
session_P016,P016,27,qwerty,main,,a simple keyboard prototype,a simple keyboarx pxototype,1700015197577,1700015205310,7733,2,30
session_P016,P016,28,qwerty,main,,typing on a screen keyboard,txping on a screen keyboard,1700015205710,1700015213107,7397,1,29
session_P016,P016,29,qwerty,main,,we measure speed and errors,we measure xpeed and errors,1700015213507,1700015220938,7431,1,29
session_P016,P016,30,qwerty,main,,practice makes perfect,practicx mxkes perfect,1700015221338,1700015227284,5946,2,25
session_P017,P017,1,pretty_good,practice,,the quick brown fox,txe quick bxxwn fxx,1700016000000,1700016006080,6080,6,26
session_P017,P017,2,pretty_good,main,,human computer interaction,humxn comxuter intexaction,1700016006480,1700016014127,7647,4,31
session_P017,P017,3,pretty_good,main,,a simple keyboard prototype,a simple keyboarx xrototypx,1700016014527,1700016022278,7751,4,32
session_P017,P017,4,pretty_good,main,,typing on a screen keyboard,typxng on a screen kxyboxrd,1700016022678,1700016030178,7500,4,32
session_P017,P017,5,pretty_good,main,,we measure speed and errors,we measure speed anx xrrors,1700016030578,1700016038043,7465,3,31
session_P017,P017,6,pretty_good,main,,practice makes perfect,practice makxs xerfxct,1700016038443,1700016044498,6055,4,27
session_P017,P017,7,very_good,practice,,the quick brown fox,thx quixk brown fox,1700016044898,1700016050379,5481,4,24
session_P017,P017,8,very_good,main,,human computer interaction,huxan computer interaction,1700016050779,1700016057790,7011,2,29
session_P017,P017,9,very_good,main,,a simple keyboard prototype,a sixple keyboard protxtype,1700016058190,1700016065311,7121,3,31
session_P017,P017,10,very_good,main,,typing on a screen keyboard,typing on a screen xeyboxrd,1700016065711,1700016072694,6983,3,31
session_P017,P017,11,very_good,main,,we measure speed and errors,we measure speex and erxors,1700016073094,1700016079816,6722,3,31
session_P017,P017,12,very_good,main,,practice makes perfect,practice mxkes perxect,1700016080216,1700016085727,5511,3,26
session_P017,P017,13,qwerty,practice,,the quick brown fox,the quixk broxn fox,1700016086127,1700016092018,5891,4,24
session_P017,P017,14,qwerty,main,,human computer interaction,human computer interacxion,1700016092418,1700016099725,7307,2,29
session_P017,P017,15,qwerty,main,,a simple keyboard prototype,a simple keyxoard prototype,1700016100125,1700016107325,7200,2,30
session_P017,P017,16,qwerty,main,,typing on a screen keyboard,typing on a sxrexn keyboard,1700016107725,1700016115072,7347,3,31
session_P017,P017,17,qwerty,main,,we measure speed and errors,we measure speed and errorx,1700016115472,1700016122593,7121,2,30
session_P017,P017,18,qwerty,main,,practice makes perfect,practice xakes perfext,1700016122993,1700016128598,5605,3,26
session_P017,P017,19,sp_reverse_b,practice,,the quick brown fox,thx xxick bxoxn xox,1700016128998,1700016135684,6686,8,28
session_P017,P017,20,sp_reverse_b,main,,human computer interaction,xuman coxputer intxrxction,1700016136084,1700016144188,8104,5,32
session_P017,P017,21,sp_reverse_b,main,,a simple keyboard prototype,x simplx keyxxarx prototype,1700016144588,1700016152668,8080,6,34
session_P017,P017,22,sp_reverse_b,main,,typing on a screen keyboard,xyping ox a sxreen keyboxrd,1700016153068,1700016161068,8000,5,33
session_P017,P017,23,sp_reverse_b,main,,we measure speed and errors,wx mxasuxe speex and errxrs,1700016161468,1700016169409,7941,6,34
session_P017,P017,24,sp_reverse_b,main,,practice makes perfect,praxxxce makex perfxct,1700016169809,1700016176080,6271,6,29
session_P017,P017,25,sp_identity,practice,,the quick brown fox,xhe quxck brxwx fox,1700016176480,1700016182884,6404,6,26
session_P017,P017,26,sp_identity,main,,human computer interaction,huxan xompxter interaction,1700016183284,1700016191325,8041,4,31
session_P017,P017,27,sp_identity,main,,a simple keyboard prototype,x simple kxybxxrd prototype,1700016191725,1700016199686,7961,5,33
session_P017,P017,28,sp_identity,main,,typing on a screen keyboard,txpinx on a screen keybxard,1700016200086,1700016207931,7845,4,32
session_P017,P017,29,sp_identity,main,,we measure speed and errors,we mxasure speed xxd errors,1700016208331,1700016215919,7588,4,32
session_P017,P017,30,sp_identity,main,,practice makes perfect,prxcxixe makes perfect,1700016216319,1700016222388,6069,4,27
session_P018,P018,1,qwerty,practice,,the quick brown fox,xhe quick brxwn fox,1700017000000,1700017005846,5846,3,23
session_P018,P018,2,qwerty,main,,human computer interaction,human computer interaxtion,1700017006246,1700017013485,7239,1,28
session_P018,P018,3,qwerty,main,,a simple keyboard prototype,x simple kexboard prototype,1700017013885,1700017021473,7588,2,30
session_P018,P018,4,qwerty,main,,typing on a screen keyboard,typing xn a screen keyboard,1700017021873,1700017029373,7500,1,29
session_P018,P018,5,qwerty,main,,we measure speed and errors,we measure spexd and errors,1700017029773,1700017036989,7216,1,29
session_P018,P018,6,qwerty,main,,practice makes perfect,xractice makes perfext,1700017037389,1700017043256,5867,2,25
session_P018,P018,7,sp_reverse_b,practice,,the quick brown fox,thx xuixk broxn fxx,1700017043656,1700017049954,6298,6,26
session_P018,P018,8,sp_reverse_b,main,,human computer interaction,xuxan compuxer xnteraction,1700017050354,1700017058273,7919,4,31
session_P018,P018,9,sp_reverse_b,main,,a simple keyboard prototype,a simplx kxxboaxd prototype,1700017058673,1700017066537,7864,4,32
session_P018,P018,10,sp_reverse_b,main,,typing on a screen keyboard,typing on x xxrxen keyboard,1700017066937,1700017074688,7751,4,32
session_P018,P018,11,sp_reverse_b,main,,we measure speed and errors,we mexsurx speed and xxrors,1700017075088,1700017082821,7733,4,32
session_P018,P018,12,sp_reverse_b,main,,practice makes perfect,pracxixe mxxes perfext,1700017083221,1700017089418,6197,5,28
session_P018,P018,13,very_good,practice,,the quick brown fox,the quick bxowx fxx,1700017089818,1700017095195,5377,4,24
session_P018,P018,14,very_good,main,,human computer interaction,xuman computer interaction,1700017095595,1700017102392,6797,1,28
session_P018,P018,15,very_good,main,,a simple keyboard prototype,a simple keyboard prxtotyxe,1700017102792,1700017109627,6835,2,30
session_P018,P018,16,very_good,main,,typing on a screen keyboard,txping on a screen keyboarx,1700017110027,1700017116735,6708,2,30
session_P018,P018,17,very_good,main,,we measure speed and errors,we measxre speed axd errors,1700017117135,1700017123885,6750,2,30
session_P018,P018,18,very_good,main,,practice makes perfect,xxactice makes perfect,1700017124285,1700017129523,5238,2,25
session_P018,P018,19,sp_identity,practice,,the quick brown fox,thx xxick broxx fox,1700017129923,1700017136187,6264,6,26
session_P018,P018,20,sp_identity,main,,human computer interaction,humxn compuxer ixteracxion,1700017136587,1700017144426,7839,4,31
session_P018,P018,21,sp_identity,main,,a simple keyboard prototype,a simple kexboard protxtypx,1700017144826,1700017152846,8020,3,31
session_P018,P018,22,sp_identity,main,,typing on a screen keyboard,typxxg on a scxeen keyxoard,1700017153246,1700017160870,7624,4,32
session_P018,P018,23,sp_identity,main,,we measure speed and errors,we xexsurx xpeed and errors,1700017161270,1700017168930,7660,4,32
session_P018,P018,24,sp_identity,main,,practice makes perfect,pxxctice maxex perfect,1700017169330,1700017175316,5986,4,27
session_P018,P018,25,pretty_good,practice,,the quick brown fox,the quixx brown foy,1700017175716,1700017181780,6064,4,24
session_P018,P018,26,pretty_good,main,,human computer interaction,human xompxter interaction,1700017182180,1700017189487,7307,2,29
session_P018,P018,27,pretty_good,main,,a simple keyboard prototype,a simplx xeybxard xrxtxtype,1700017189887,1700017197251,7364,6,34
session_P018,P018,28,pretty_good,main,,typing on a screen keyboard,txpxng on a screen keyboard,1700017197651,1700017204803,7152,2,30
session_P018,P018,29,pretty_good,main,,we measure speed and errors,we measuxx speed and errors,1700017205203,1700017212550,7347,2,30
session_P018,P018,30,pretty_good,main,,practice makes perfect,praxtice makes perxect,1700017212950,1700017218640,5690,2,25
session_P019,P019,1,pretty_good,practice,,the quick brown fox,xhe xxick bxown fox,1700018000000,1700018005876,5876,6,26
session_P019,P019,2,pretty_good,main,,human computer interaction,huxan computxr interactiox,1700018006276,1700018013849,7573,4,31
session_P019,P019,3,pretty_good,main,,a simple keyboard prototype,a simple keyboard prxxotype,1700018014249,1700018021891,7642,3,31
session_P019,P019,4,pretty_good,main,,typing on a screen keyboard,typing on x screen kxxboard,1700018022291,1700018029491,7200,4,32
session_P019,P019,5,pretty_good,main,,we measure speed and errors,we mexsure speed and errorx,1700018029891,1700018037255,7364,3,31
session_P019,P019,6,pretty_good,main,,practice makes perfect,pracxice xakes perxect,1700018037655,1700018043483,5828,4,27
session_P019,P019,7,very_good,practice,,the quick brown fox,the xuick brown xox,1700018043883,1700018049185,5302,4,24
session_P019,P019,8,very_good,main,,human computer interaction,humxn computer interacxion,1700018049585,1700018056252,6667,3,30
session_P019,P019,9,very_good,main,,a simple keyboard prototype,a simple keyboard proxotyxe,1700018056652,1700018063374,6722,3,31
session_P019,P019,10,very_good,main,,typing on a screen keyboard,txping on a scxeen keyboard,1700018063774,1700018070454,6680,3,31
session_P019,P019,11,very_good,main,,we measure speed and errors,xe measure spxed and errors,1700018070854,1700018077360,6506,3,31
session_P019,P019,12,very_good,main,,practice makes perfect,practice makes pxxfect,1700018077760,1700018083040,5280,3,26
session_P019,P019,13,sp_identity,practice,,the quick brown fox,xhe quxck broxx foy,1700018083440,1700018089378,5938,7,27
session_P019,P019,14,sp_identity,main,,human computer interaction,hxmxn computxr intxraction,1700018089778,1700018097351,7573,5,32
session_P019,P019,15,sp_identity,main,,a simple keyboard prototype,a sxmple keyboaxd proxotype,1700018097751,1700018105251,7500,4,32
session_P019,P019,16,sp_identity,main,,typing on a screen keyboard,txping xn a screen keyxoxrd,1700018105651,1700018113134,7483,5,33
session_P019,P019,17,sp_identity,main,,we measure speed and errors,we measure speed axd errxrx,1700018113534,1700018120848,7314,4,32
session_P019,P019,18,sp_identity,main,,practice makes perfect,xractice maxxs xerfect,1700018121248,1700018127025,5777,5,28
session_P019,P019,19,sp_reverse_b,practice,,the quick brown fox,the quxck xxown xxx,1700018127425,1700018133921,6496,7,27
session_P019,P019,20,sp_reverse_b,main,,human computer interaction,human computex xnterxcxion,1700018134321,1700018142082,7761,5,32
session_P019,P019,21,sp_reverse_b,main,,a simple keyboard prototype,a simxle keyboxxd prototyxe,1700018142482,1700018150602,8120,5,33
session_P019,P019,22,sp_reverse_b,main,,typing on a screen keyboard,txpixg xn a screen xeyboard,1700018151002,1700018158943,7941,5,33
session_P019,P019,23,sp_reverse_b,main,,we measure speed and errors,wx meaxuxe speed and exrors,1700018159343,1700018167188,7845,5,33
session_P019,P019,24,sp_reverse_b,main,,practice makes perfect,xxaxtice xaxes perfect,1700018167588,1700018173534,5946,6,29
session_P019,P019,25,qwerty,practice,,the quick brown fox,xhx quick brown fox,1700018173934,1700018179550,5616,4,24
session_P019,P019,26,qwerty,main,,human computer interaction,human computer interactixn,1700018179950,1700018187257,7307,2,29
session_P019,P019,27,qwerty,main,,a simple keyboard prototype,a simple keyboard prxtotxpe,1700018187657,1700018195004,7347,3,31
session_P019,P019,28,qwerty,main,,typing on a screen keyboard,typing on a screxn keyboxrd,1700018195404,1700018202620,7216,3,31
session_P019,P019,29,qwerty,main,,we measure speed and errors,we measxre speex and errors,1700018203020,1700018210063,7043,3,31
session_P019,P019,30,qwerty,main,,practice makes perfect,practixe makes perfext,1700018210463,1700018215986,5523,3,26
session_P020,P020,1,very_good,practice,,the quick brown fox,txe quixk browx fox,1700019000000,1700019005290,5290,4,24
session_P020,P020,2,very_good,main,,human computer interaction,human computer interactiox,1700019005690,1700019012701,7011,1,28
session_P020,P020,3,very_good,main,,a simple keyboard prototype,a simple keyboard pxotoxype,1700019013101,1700019020069,6968,2,30
session_P020,P020,4,very_good,main,,typing on a screen keyboard,typinx on a screen keyboard,1700019020469,1700019027392,6923,1,29
session_P020,P020,5,very_good,main,,we measure speed and errors,we mexsure speed and errors,1700019027792,1700019034627,6835,1,29
session_P020,P020,6,very_good,main,,practice makes perfect,prxctice makes pxrfect,1700019035027,1700019040286,5259,2,25
session_P020,P020,7,qwerty,practice,,the quick brown fox,thx quick xxown fox,1700019040686,1700019046274,5588,4,24
session_P020,P020,8,qwerty,main,,human computer interaction,human computer xnteraction,1700019046674,1700019053442,6768,1,28
session_P020,P020,9,qwerty,main,,a simple keyboard prototype,a sixple keyxoard prototype,1700019053842,1700019060795,6953,2,30
session_P020,P020,10,qwerty,main,,typing on a screen keyboard,typing on a screex keyboard,1700019061195,1700019068002,6807,1,29
session_P020,P020,11,qwerty,main,,we measure speed and errors,we measure speed xnd xrrors,1700019068402,1700019075041,6639,2,30
session_P020,P020,12,qwerty,main,,practice makes perfect,practice makxs perfect,1700019075441,1700019080918,5477,1,24
session_P020,P020,13,pretty_good,practice,,the quick brown fox,the quick xrxwn xox,1700019081318,1700019086920,5602,4,24
session_P020,P020,14,pretty_good,main,,human computer interaction,human xomputer interxction,1700019087320,1700019094300,6980,2,29
session_P020,P020,15,pretty_good,main,,a simple keyboard prototype,a ximple keyboard xxototype,1700019094700,1700019101594,6894,3,31
session_P020,P020,16,pretty_good,main,,typing on a screen keyboard,typinx on a scxeex keyboard,1700019101994,1700019108917,6923,3,31
session_P020,P020,17,pretty_good,main,,we measure speed and errors,we mexsure spxed and erxors,1700019109317,1700019116211,6894,3,31
session_P020,P020,18,pretty_good,main,,practice makes perfect,practice makxs perfecx,1700019116611,1700019122077,5466,2,25
session_P020,P020,19,sp_reverse_b,practice,,the quick brown fox,the quixk xrxxn xoy,1700019122477,1700019128724,6247,7,27
session_P020,P020,20,sp_reverse_b,main,,human computer interaction,human cxmxxter interxxtion,1700019129124,1700019137003,7879,5,32
session_P020,P020,21,sp_reverse_b,main,,a simple keyboard prototype,a simpxe kexxoard xrototype,1700019137403,1700019145463,8060,4,32
session_P020,P020,22,sp_reverse_b,main,,typing on a screen keyboard,typxnx on a scxeen keyboarx,1700019145863,1700019153577,7714,4,32
session_P020,P020,23,sp_reverse_b,main,,we measure speed and errors,we mxasurx sxeed and exrors,1700019153977,1700019161601,7624,4,32
session_P020,P020,24,sp_reverse_b,main,,practice makes perfect,prxxtice makes pexfxct,1700019162001,1700019168015,6014,4,27
session_P020,P020,25,sp_identity,practice,,the quick brown fox,the xxick xrowx fxx,1700019168415,1700019174628,6213,6,26
session_P020,P020,26,sp_identity,main,,human computer interaction,hxmxx computer inxeraction,1700019175028,1700019182732,7704,4,31
session_P020,P020,27,sp_identity,main,,a simple keyboard prototype,x simple kexboard proxotype,1700019183132,1700019190684,7552,3,31
session_P020,P020,28,sp_identity,main,,typing on a screen keyboard,tyxing on a sxreen keybxxrd,1700019191084,1700019198636,7552,4,32
session_P020,P020,29,sp_identity,main,,we measure speed and errors,we meaxure sxeex and errors,1700019199036,1700019206571,7535,3,31
session_P020,P020,30,sp_identity,main,,practice makes perfect,pxactice makes pxrxext,1700019206971,1700019212825,5854,4,27
